,Label,Score
0,Cardiomegaly,0.670788770053476
1,Edema,0.8605654761904762
2,Consolidation,0.7750000000000001
3,Atelectasis,0.7431496062992127
4,Pleural Effusion,0.8522418478260869
