,Label,Score
0,Cardiomegaly,0.5833333333333334
1,Edema,0.8020833333333333
2,Consolidation,0.5
3,Atelectasis,0.5457742782152231
4,Pleural Effusion,0.8195199275362319
