,Label,Score
0,Cardiomegaly,0.7350713012477719
1,Edema,0.8580357142857143
2,Consolidation,0.7935661764705882
3,Atelectasis,0.7552755905511811
4,Pleural Effusion,0.8280117753623188
