,Label,Score
0,Cardiomegaly,0.553030303030303
1,Edema,0.7901785714285714
2,Consolidation,0.5
3,Atelectasis,0.5227296587926509
4,Pleural Effusion,0.8027626811594203
