,Label,Score
0,Cardiomegaly,0.8366755793226381
1,Edema,0.9375
2,Consolidation,0.89375
3,Atelectasis,0.8102887139107612
4,Pleural Effusion,0.9384057971014493
