,Label,Score
0,Cardiomegaly,0.7593025846702317
1,Edema,0.9025297619047619
2,Consolidation,0.8766544117647059
3,Atelectasis,0.808503937007874
4,Pleural Effusion,0.8943614130434783
