,Label,Score
0,Cardiomegaly,0.7344028520499108
1,Edema,0.8947172619047619
2,Consolidation,0.871139705882353
3,Atelectasis,0.8093438320209974
4,Pleural Effusion,0.8952672101449275
