,Label,Score
0,Cardiomegaly,0.8348930481283423
1,Edema,0.9415178571428572
2,Consolidation,0.8862132352941177
3,Atelectasis,0.8281364829396325
4,Pleural Effusion,0.9352355072463768
