,Label,Score
0,Cardiomegaly,0.7701648841354723
1,Edema,0.9349702380952382
2,Consolidation,0.8871323529411764
3,Atelectasis,0.8230971128608924
4,Pleural Effusion,0.9393115942028984
