,Label,Score
0,Cardiomegaly,0.765374331550802
1,Edema,0.934375
2,Consolidation,0.9047794117647059
3,Atelectasis,0.8498687664041995
4,Pleural Effusion,0.9368206521739131
