,Label,Score
0,Cardiomegaly,0.6875
1,Edema,0.8830357142857143
2,Consolidation,0.879779411764706
3,Atelectasis,0.8154330708661417
4,Pleural Effusion,0.9254981884057971
