,Label,Score
0,Cardiomegaly,0.5
1,Edema,0.9003720238095237
2,Consolidation,0.7930147058823528
3,Atelectasis,0.808241469816273
4,Pleural Effusion,0.8731317934782609
