,Label,Score
0,Cardiomegaly,0.8114973262032086
1,Edema,0.9357142857142857
2,Consolidation,0.9117647058823529
3,Atelectasis,0.856482939632546
4,Pleural Effusion,0.9303668478260869
