,Label,Score
0,Cardiomegaly,0.5
1,Edema,0.8672619047619048
2,Consolidation,0.6005514705882353
3,Atelectasis,0.6766929133858267
4,Pleural Effusion,0.8280117753623188
