,Label,Score
0,Cardiomegaly,0.5
1,Edema,0.8258928571428572
2,Consolidation,0.6424632352941176
3,Atelectasis,0.732755905511811
4,Pleural Effusion,0.8243885869565217
