,Label,Score
0,Cardiomegaly,0.7548573975044564
1,Edema,0.9290952380952381
2,Consolidation,0.8922224264705882
3,Atelectasis,0.8439044619422572
4,Pleural Effusion,0.9282835144927536
