,Label,Score
0,Cardiomegaly,0.8109402852049911
1,Edema,0.9361607142857142
2,Consolidation,0.9084558823529412
3,Atelectasis,0.8535433070866142
4,Pleural Effusion,0.9334239130434783
