,Label,Score
0,Cardiomegaly,0.7056595365418895
1,Edema,0.8842261904761904
2,Consolidation,0.8880514705882353
3,Atelectasis,0.8199475065616798
4,Pleural Effusion,0.9185914855072463
