,Label,Score
0,Cardiomegaly,0.5
1,Edema,0.9074404761904762
2,Consolidation,0.7363051470588234
3,Atelectasis,0.77249343832021
4,Pleural Effusion,0.8744338768115941
