,Label,Score
0,Cardiomegaly,0.7659313725490197
1,Edema,0.9324404761904762
2,Consolidation,0.9064338235294118
3,Atelectasis,0.8538582677165354
4,Pleural Effusion,0.9316123188405797
