,Label,Score
0,Cardiomegaly,0.7554868538324421
1,Edema,0.9263675595238096
2,Consolidation,0.8966709558823529
3,Atelectasis,0.8474425196850394
4,Pleural Effusion,0.9237364130434783
