,Label,Score
0,Cardiomegaly,0.6441622103386809
1,Edema,0.8443452380952381
2,Consolidation,0.7829044117647058
3,Atelectasis,0.7392125984251969
4,Pleural Effusion,0.8280117753623188
