,Label,Score
0,Cardiomegaly,0.5227272727272727
1,Edema,0.7882440476190475
2,Consolidation,0.5
3,Atelectasis,0.5254593175853018
4,Pleural Effusion,0.8315217391304349
