,Label,Score
0,Cardiomegaly,0.6368092691622104
1,Edema,0.8511904761904762
2,Consolidation,0.8180147058823529
3,Atelectasis,0.7171128608923885
4,Pleural Effusion,0.8243885869565217
