,Label,Score
0,Cardiomegaly,0.5227272727272727
1,Edema,0.7494047619047618
2,Consolidation,0.5
3,Atelectasis,0.5266666666666666
4,Pleural Effusion,0.8183876811594203
