,Label,Score
0,Cardiomegaly,0.7977941176470589
1,Edema,0.9328869047619047
2,Consolidation,0.8948529411764705
3,Atelectasis,0.8183727034120735
4,Pleural Effusion,0.9368206521739131
