,Label,Score
0,Cardiomegaly,0.8463680926916222
1,Edema,0.938095238095238
2,Consolidation,0.8924632352941175
3,Atelectasis,0.8133333333333332
4,Pleural Effusion,0.9334239130434783
