,Label,Score
0,Cardiomegaly,0.7018716577540108
1,Edema,0.889955357142857
2,Consolidation,0.8847426470588237
3,Atelectasis,0.7808398950131233
4,Pleural Effusion,0.8744338768115941
