,Label,Score
0,Cardiomegaly,0.7335672905525846
1,Edema,0.9057291666666667
2,Consolidation,0.8943933823529411
3,Atelectasis,0.7614698162729658
4,Pleural Effusion,0.8731317934782609
