,Label,Score
0,Cardiomegaly,0.8436942959001783
1,Edema,0.9330357142857143
2,Consolidation,0.8987132352941176
3,Atelectasis,0.8113385826771654
4,Pleural Effusion,0.9303668478260869
