,Label,Score
0,Cardiomegaly,0.7943404634581105
1,Edema,0.9267857142857143
2,Consolidation,0.8970588235294118
3,Atelectasis,0.8239370078740159
4,Pleural Effusion,0.9316123188405797
