,Label,Score
0,Cardiomegaly,0.7728386809269162
1,Edema,0.9318452380952381
2,Consolidation,0.8873161764705881
3,Atelectasis,0.8102887139107612
4,Pleural Effusion,0.938858695652174
